call_id,caller_phone,receiver_phone,caller_name,receiver_name,timestamp,duration_sec,cell_tower_id,location_name,call_type
CDR-1001,+91-9876543210,+91-9811002233,Vikram Malhotra,Dr. Rajeshwar Rao,2026-08-30T09:45:10+05:30,340,TWR-HYD-01,Jubilee Hills Road No 36,voice_call
CDR-1002,+91-9876543210,+91-9988776655,Vikram Malhotra,Suresh Babu,2026-08-30T10:15:22+05:30,240,TWR-HYD-04,Jubilee Hills Checkpost,voice_call
CDR-1003,+91-9988776655,+91-9876543210,Suresh Babu,Vikram Malhotra,2026-08-30T11:42:10+05:30,180,TWR-HYD-09,Hitech City Cyber Towers,voice_call
CDR-1004,+91-9988776655,+91-9123456789,Suresh Babu,Ramesh Kumar (Courier-1),2026-08-30T12:10:45+05:30,120,TWR-HYD-16,Madhapur Metro Station,voice_call
CDR-1005,+91-9123456789,+91-9988776655,Ramesh Kumar (Courier-1),Suresh Babu,2026-08-30T13:05:00+05:30,45,TWR-HYD-16,Madhapur Metro Station,sms
CDR-1006,+91-9988776655,+91-9700112233,Suresh Babu,Rajesh Verma (Mule-2),2026-08-30T13:40:15+05:30,290,TWR-HYD-09,Hitech City Cyber Towers,voice_call
CDR-1007,+91-9876543210,+91-9988776655,Vikram Malhotra,Suresh Babu,2026-08-30T14:15:30+05:30,195,TWR-HYD-04,Jubilee Hills Checkpost,voice_call
CDR-1008,+91-9988776655,+91-9876543210,Suresh Babu,Vikram Malhotra,2026-08-30T16:20:05+05:30,90,TWR-HYD-22,Gachibowli Outer Ring,voice_call
CDR-1009,+91-9876543210,+91-9811002233,Vikram Malhotra,Dr. Rajeshwar Rao,2026-08-30T17:02:18+05:30,410,TWR-HYD-01,Jubilee Hills Road No 36,voice_call
CDR-1010,+91-9988776655,+91-9123456789,Suresh Babu,Ramesh Kumar (Courier-1),2026-08-30T18:30:00+05:30,60,TWR-HYD-16,Madhapur Metro Station,voice_call